{"@class":"Light","color":{"values":[0.8274509906768799,0.1764705926179886,0.1764705926179886]},"coneAngle":45.0,"id":{"uuid":"24B978E7-EA87-4036-AE5D-CBA57AE24DBE"},"intensity":14.0,"lightMode":"realtime","lightType":"spot","prenumbra":1.0,"radius":10.0,"shadowBias":0.20000000298023224,"shadowDarkness":1.0,"shadowResolutionX":1024.0,"shadowResolutionY":1024.0,"shadowSizeX":16.0,"shadowSizeY":16.0,"shadowType":"no"}